country,ccode,year,lau,launame,urban_area_type,NUTS3CODE,ed_isced_6to8,ed_isced_3to5,ed_isced_0to2,ed_isced_6to8_m,ed_isced_3to5_m,ed_isced_0to2_m,ed_isced_6to8_f,ed_isced_3to5_f,ed_isced_0to2_f,ed_isced_0to2_f_15to24,ed_isced_0to2_f_25to34,ed_isced_0to2_f_35to44,ed_isced_0to2_f_45to54,ed_isced_0to2_f_55to64,ed_isced_0to2_f_65plus,ed_isced_0to2_m_15to24,ed_isced_0to2_m_25to34,ed_isced_0to2_m_35to44,ed_isced_0to2_m_45to54,ed_isced_0to2_m_55to64,ed_isced_0to2_m_65plus,ed_isced_0to2_15to24,ed_isced_0to2_25to34,ed_isced_0to2_35to44,ed_isced_0to2_45to54,ed_isced_0to2_55to64,ed_isced_0to2_65plus,ed_isced_3to5_f_15to24,ed_isced_3to5_f_25to34,ed_isced_3to5_f_35to44,ed_isced_3to5_f_45to54,ed_isced_3to5_f_55to64,ed_isced_3to5_f_65plus,ed_isced_3to5_m_15to24,ed_isced_3to5_m_25to34,ed_isced_3to5_m_35to44,ed_isced_3to5_m_45to54,ed_isced_3to5_m_55to64,ed_isced_3to5_m_65plus,ed_isced_3to5_15to24,ed_isced_3to5_25to34,ed_isced_3to5_35to44,ed_isced_3to5_45to54,ed_isced_3to5_55to64,ed_isced_3to5_65plus,ed_isced_6to8_f_15to24,ed_isced_6to8_f_25to34,ed_isced_6to8_f_35to44,ed_isced_6to8_f_45to54,ed_isced_6to8_f_55to64,ed_isced_6to8_f_65plus,ed_isced_6to8_m_15to24,ed_isced_6to8_m_25to34,ed_isced_6to8_m_35to44,ed_isced_6to8_m_45to54,ed_isced_6to8_m_55to64,ed_isced_6to8_m_65plus,ed_isced_6to8_15to24,ed_isced_6to8_25to34,ed_isced_6to8_35to44,ed_isced_6to8_45to54,ed_isced_6to8_55to64,ed_isced_6to8_65plus,ed_isced_0to2_m_25plus,ed_isced_0to2_f_25plus,ed_isced_6to8_m_25plus,ed_isced_3to5_m_25plus,ed_isced_6to8_f_25plus,ed_isced_3to5_f_25plus,ed_isced_0to2_25plus,ed_isced_3to5_25plus,ed_isced_6to8_25plus,ed_isced_6to8_m_45to64,ed_isced_3to5_m_45to64,ed_isced_0to2_m_45to64,ed_isced_6to8_f_45to64,ed_isced_3to5_f_45to64,ed_isced_0to2_f_45to64,ed_isced_0to2_45to64,ed_isced_3to5_45to64,ed_isced_6to8_45to64,ed_isced_6to8_pc,ed_isced_3to5_pc,ed_isced_0to2_pc,ed_isced_6to8_m_pc,ed_isced_3to5_m_pc,ed_isced_0to2_m_pc,ed_isced_6to8_f_pc,ed_isced_3to5_f_pc,ed_isced_0to2_f_pc,ed_isced_0to2_15to24_pc,ed_isced_3to5_15to24_pc,ed_isced_6to8_15to24_pc,ed_isced_0to2_25to34_pc,ed_isced_3to5_25to34_pc,ed_isced_6to8_25to34_pc,ed_isced_0to2_35to44_pc,ed_isced_3to5_35to44_pc,ed_isced_6to8_35to44_pc,ed_isced_0to2_45to54_pc,ed_isced_3to5_45to54_pc,ed_isced_6to8_45to54_pc,ed_isced_0to2_55to64_pc,ed_isced_3to5_55to64_pc,ed_isced_6to8_55to64_pc,ed_isced_0to2_65plus_pc,ed_isced_3to5_65plus_pc,ed_isced_6to8_65plus_pc,ed_isced_0to2_m_15to24_pc,ed_isced_3to5_m_15to24_pc,ed_isced_6to8_m_15to24_pc,ed_isced_0to2_m_25to34_pc,ed_isced_3to5_m_25to34_pc,ed_isced_6to8_m_25to34_pc,ed_isced_0to2_m_35to44_pc,ed_isced_3to5_m_35to44_pc,ed_isced_6to8_m_35to44_pc,ed_isced_0to2_m_45to54_pc,ed_isced_3to5_m_45to54_pc,ed_isced_6to8_m_45to54_pc,ed_isced_0to2_m_55to64_pc,ed_isced_3to5_m_55to64_pc,ed_isced_6to8_m_55to64_pc,ed_isced_0to2_m_65plus_pc,ed_isced_3to5_m_65plus_pc,ed_isced_6to8_m_65plus_pc,ed_isced_0to2_f_15to24_pc,ed_isced_3to5_f_15to24_pc,ed_isced_6to8_f_15to24_pc,ed_isced_0to2_f_25to34_pc,ed_isced_3to5_f_25to34_pc,ed_isced_6to8_f_25to34_pc,ed_isced_0to2_f_35to44_pc,ed_isced_3to5_f_35to44_pc,ed_isced_6to8_f_35to44_pc,ed_isced_0to2_f_45to54_pc,ed_isced_3to5_f_45to54_pc,ed_isced_6to8_f_45to54_pc,ed_isced_0to2_f_55to64_pc,ed_isced_3to5_f_55to64_pc,ed_isced_6to8_f_55to64_pc,ed_isced_0to2_f_65plus_pc,ed_isced_3to5_f_65plus_pc,ed_isced_6to8_f_65plus_pc,pop_density_km_sq,population,population_15plus,population_0to14,population_15to64,population_65plus,population_m,population_m_15plus,population_m_0to14,population_m_15to64,population_m_65plus,population_f,population_f_15plus,population_f_0to14,population_f_15to64,population_f_65plus,population_under15,population_m_15to24,population_m_25to34,population_m_35to44,population_m_45to54,population_m_55to64,population_f_15to24,population_f_25to34,population_f_35to44,population_f_45to54,population_f_55to64,population_15to24,population_25to34,population_35to44,population_45to54,population_55to64,population_m_25plus,population_f_25plus,population_25plus,population_m_45to64,population_f_45to64,population_45to64
Greece,300,2001,EL301,Northern Athens,5,EL301,79660,167310,109070,43470,76460,46550,36190,90850,62520,8700,3210,5830,9600,11230,23950,10670,4300,4860,6880,7080,12760,19370,7510,10690,16480,18310,36710,17230,20440,18960,15750,10110,8360,15900,18600,15000,11160,7470,8330,33130,39040,33960,26910,17580,16690,2190,11170,9760,7900,3310,1860,1180,8970,10350,10160,6570,6240,3370,20140,20110,18060,9880,8100,35880,53820,42290,60560,34000,73620,89700,134180,76290,0,0,0,0,0,0,0,0,0,22.37389,46.991913,30.634199,26.111244,45.927441,27.961317,19.091581,47.926777,32.981644,34.669769,59.29837,6.0318599,11.261059,58.539513,30.19943,16.507103,52.439777,31.05312,26.818552,43.791698,29.389748,40.004368,38.409439,21.586191,59.691055,27.138212,13.170732,38.450451,57.297298,4.2522521,13.492312,58.362095,28.145592,16.087389,49.652431,34.260178,24.397163,39.574471,36.02837,33.522728,35.36932,31.107954,46.688622,30.479326,22.832052,30.938833,61.273113,7.7880511,9.2188396,58.701897,32.079266,16.874096,54.876991,28.248915,28.872181,47.368423,23.759398,45.557808,41.014198,13.427992,70.090721,24.465906,5.4433713,0,416900,356040,60860,0,61500,197930,166480,31450,139150,27330,218970,189560,29410,155390,34170,0,27750,31870,30210,28200,21120,28120,34820,34550,33250,24650,55870,66690,64760,61450,45770,138730,161440,300170,0,0,0
Greece,300,2001,EL302,Western Athens,5,EL302,29090,158440,195210,14730,81990,88830,14360,76450,106380,12940,8770,15050,18620,20020,30980,14360,10450,12160,16080,14670,21110,27300,19220,27210,34700,34690,52090,20230,25040,17980,8390,2940,1870,18170,24700,18620,10860,5290,4350,38400,49740,36600,19250,8230,6220,850,6330,4250,2050,540,340,740,4530,4250,3090,1350,770,1590,10860,8500,5140,1890,1110,74470,93440,13990,63820,13510,56220,167910,120040,27500,0,0,0,0,0,0,0,0,0,7.6004596,41.396248,51.003292,7.938561,44.18755,47.87389,7.2823167,38.769714,53.947968,40.570663,57.066429,2.3629067,24.079178,62.315208,13.605613,37.62965,50.615406,11.754944,58.72398,32.577423,8.698595,77.415756,18.366436,4.2178087,87.664085,10.467856,1.868058,43.16201,54.613766,2.224226,26.335686,62.247986,11.41633,34.713104,53.154438,12.132458,53.546455,36.163837,10.28971,68.840919,24.824026,6.3350539,80.48037,16.584064,2.93557,38.036449,59.465019,2.4985304,21.84853,62.381664,15.769806,40.370171,48.229614,11.400214,64.074326,28.8713,7.0543704,85.19149,12.510638,2.2978723,93.34137,5.6342273,1.0244049,0,453860,382740,71120,0,59420,222060,185550,36510,159320,26230,231800,197190,34610,164000,33190,0,33270,39680,35030,30030,21310,34020,40140,37280,29060,23500,67290,79820,72310,59090,44810,152280,163170,315450,0,0,0
Greece,300,2001,EL303,Central Athens,5,EL303,182910,492520,356500,98350,230040,151910,84560,262480,204590,24480,13230,21390,32400,37200,75890,29970,19130,18210,23690,22830,38080,54450,32360,39600,56090,60030,113970,54350,60750,48880,39620,26140,32740,48620,62050,42550,31030,20440,25350,102970,122800,91430,70650,46580,58090,5040,27440,22380,15390,7670,6640,3580,22900,22220,19730,12920,17000,8620,50340,44600,35120,20590,23640,121940,180110,94770,181420,79520,208130,302050,389550,174290,0,0,0,0,0,0,0,0,0,17.72504,47.728043,34.546917,20.476786,47.895065,31.628151,15.329116,47.582619,37.088264,32.793304,62.015179,5.1915202,15.746959,59.756691,24.496349,22.547401,52.058304,25.394295,34.653404,43.648834,21.697763,47.193394,36.619495,16.187107,58.237099,29.683187,12.079714,36.473164,59.170013,4.3568211,18.380093,59.617599,22.002306,21.945047,51.277416,26.777536,31.820013,41.678978,26.501007,40.630005,36.376579,22.993416,47.345516,31.518091,21.136393,29.188028,64.802673,6.0092998,13.044765,59.899429,27.055807,23.086885,52.75769,24.155424,37.066696,45.326622,17.606682,52.386986,36.811714,10.801295,65.836731,28.40288,5.7603884,0,1180890,1031930,148960,0,195700,556620,480300,76320,399870,80430,624270,551630,72640,436360,115270,0,82170,104080,82980,74450,56190,83870,101420,92650,87410,71010,166040,205500,175630,161860,127200,398130,467760,865890,0,0,0
Greece,300,2001,EL304,Southern Athens,5,EL304,66490,202520,134580,35780,94230,56950,30710,108290,77630,9870,4010,8130,12830,14420,28370,12240,5080,6350,9320,8930,15030,22110,9090,14480,22150,23350,43400,22070,25520,22150,17600,10530,10420,18260,23340,18500,13900,10000,10230,40330,48860,40650,31500,20530,20650,1630,10410,8970,5570,2530,1600,1120,7940,9210,7900,4810,4800,2750,18350,18180,13470,7340,6400,44710,67760,34660,75970,29080,86220,112470,162190,63740,0,0,0,0,0,0,0,0,0,16.47464,50.179638,33.345722,19.137783,50.401154,30.461061,14.176246,49.988461,35.835297,33.916245,61.865318,4.2184381,11.913499,64.036697,24.049803,19.75174,55.449463,24.7988,33.000595,46.93087,20.068535,45.587662,40.082001,14.33034,61.603973,29.311569,9.0844574,38.709679,57.74826,3.542062,13.971397,64.191422,21.837183,18.64357,54.315914,27.040516,29.948586,44.66581,25.385605,37.615837,42.123001,20.261162,50,34.031937,15.968063,29.401251,65.743225,4.855526,10.04006,63.895844,26.064096,20.713375,56.433121,22.853504,35.638889,48.888889,15.472222,52.474525,38.318779,9.2066956,70.240158,25.798466,3.9613764,0,470160,403590,66570,0,70450,221370,186960,34410,156900,30060,248790,216630,32160,176240,40390,0,31620,36360,34060,31120,23740,33570,39940,39250,36000,27480,65190,76300,73310,67120,51220,155340,183060,338400,0,0,0
Greece,300,2001,EL305,Eastern Attica,4,EL305,38360,130250,144760,21710,66120,69840,16650,64130,74920,9960,6660,9470,13250,14460,21120,12820,10200,8790,10650,11120,16260,22780,16860,18260,23900,25580,37380,13840,17510,13080,10580,5630,3490,13760,17550,12380,9800,7450,5180,27600,35060,25460,20380,13080,8670,1160,5190,4520,3460,1650,670,900,4570,4950,5130,3430,2730,2060,9760,9470,8590,5080,3400,57020,64960,20810,52360,15490,50290,121980,102650,36300,0,0,0,0,0,0,0,0,0,12.24112,41.564285,46.194595,13.769264,41.935688,44.295048,10.693642,41.188183,48.118176,43.440121,52.631577,3.9282992,27.334631,56.841763,15.823606,34.329762,47.866138,17.804098,45.205219,38.547379,16.247398,58.481937,29.903978,11.614083,75.591507,17.532862,6.8756318,46.652111,50.072781,3.2751093,31.559406,54.300739,14.139852,33.652374,47.396633,18.950996,41.63409,38.31118,20.054731,50.545456,33.863636,15.590909,67.273476,21.431526,11.294993,39.903847,55.448719,4.6474361,22.683924,59.638966,17.677111,34.983376,48.319172,16.697451,48.552582,38.76878,12.678638,66.513344,25.896963,7.5896969,83.544304,13.80538,2.6503165,0,370060,313370,56690,0,49450,186330,157670,28660,133500,24170,183730,155700,28030,130420,25280,0,27480,32320,26120,25580,22000,24960,29360,27070,27290,21740,52440,61680,53190,52870,43740,130190,130740,260930,0,0,0
Greece,300,2001,EL306,Western Attica,4,EL306,5700,37930,67590,3050,20310,32260,2650,17620,35330,5300,4340,5630,5750,5990,8320,6610,4440,4240,5530,4650,6790,11910,8780,9870,11280,10640,15110,4920,5680,3840,1980,860,340,4750,5680,4800,2820,1300,960,9670,11360,8640,4800,2160,1300,170,1180,750,360,140,50,110,930,840,680,320,170,280,2110,1590,1040,460,220,25650,30030,2940,15560,2480,12700,55680,28260,5420,0,0,0,0,0,0,0,0,0,5.1249776,34.103577,60.771442,5.4836388,36.51564,58.000721,4.7661872,31.690647,63.543163,54.483074,44.236046,1.2808783,39.460674,51.056179,9.4831457,49.104477,42.985077,7.9104476,65.887848,28.037384,6.0747662,80.241325,16.289593,3.46908,90.859894,7.8171978,1.3229104,57.628597,41.41238,.95902354,40.180996,51.402714,8.4162893,42.914982,48.582996,8.5020247,61.240311,31.229237,7.5304537,74.162682,20.733652,5.1036682,85.732323,12.121212,2.1464646,51.010586,47.353226,1.6361886,38.75,50.714287,10.535714,55.088062,37.573387,7.338552,71.075401,24.474661,4.4499378,85.693848,12.30329,2.0028613,95.522392,3.903559,.57405281,0,136620,111220,25400,0,16630,68530,55620,12910,47700,7920,68090,55600,12490,46890,8710,0,11470,11050,9880,9030,6270,10390,11200,10220,8090,6990,21860,22250,20100,17120,13260,44150,45210,89360,0,0,0
Greece,300,2001,EL307,"Piraeus, Islands",5,EL307,32230,189080,224000,17240,98820,97630,14990,90260,126370,13980,9750,16140,21700,22110,42690,16480,11820,11850,16130,14880,26470,30460,21570,27990,37830,36990,69160,21840,25110,19900,12450,6640,4320,19990,25340,20790,15750,9160,7790,41830,50450,40690,28200,15800,12110,980,5810,4480,2180,910,630,730,4680,4700,4030,1610,1490,1710,10490,9180,6210,2520,2120,81150,112390,16510,78830,14010,68420,193540,147250,30520,0,0,0,0,0,0,0,0,0,7.2376547,42.460308,50.302036,8.0677614,46.24456,45.687679,6.471807,38.969002,54.559193,41.162163,56.527027,2.3108108,26.142284,61.144104,12.713611,35.949139,52.260468,11.790393,52.367111,39.036545,8.5963449,66.877602,28.566263,4.556138,82.9356,14.522125,2.5422711,44.301075,53.736561,1.9623656,28.250479,60.564056,11.185468,31.735405,55.677559,12.587038,44.91785,43.85965,11.222501,58.011696,35.711502,6.276803,74.041962,21.790209,4.1678324,37.989128,59.347828,2.6630435,23.973444,61.740841,14.285714,39.832184,49.111549,11.056269,59.730251,34.269199,6.0005503,74.544846,22.387053,3.0681052,89.609573,9.0680103,1.3224181,0,519240,445310,73930,0,83390,252090,213690,38400,177940,35750,267150,231620,35530,183980,47640,0,37200,41840,37340,35910,25650,36800,40670,40520,36330,29660,74000,82510,77860,72240,55310,176490,194820,371310,0,0,0
Greece,300,2001,EL411,"Lesbos, Lemnos",1,EL411,5630,22700,56920,3070,12220,26960,2560,10480,29960,2780,2350,3140,4410,5240,12040,3380,3290,2770,3740,4480,9300,6160,5640,5910,8150,9720,21340,2450,3470,2250,1230,630,450,2730,3580,2910,1580,750,670,5180,7050,5160,2810,1380,1120,120,1020,870,330,140,80,80,710,960,710,360,250,200,1730,1830,1040,500,330,23580,27180,2990,9490,2440,8030,50760,17520,5430,0,0,0,0,0,0,0,0,0,6.6041055,26.627565,66.768326,7.2662721,28.923077,63.81065,5.9534883,24.372093,69.674416,53.379551,44.887348,1.7331022,39.112343,48.89043,11.997226,45.813953,40,14.186047,67.916664,23.416666,8.666667,83.793106,11.896552,4.3103447,93.637558,4.9144363,1.4480035,54.604198,44.103394,1.2924072,43.403694,47.229553,9.3667545,41.716869,43.825302,14.457831,62.023216,26.202322,11.774461,80.143112,13.416816,6.4400716,90.998039,6.5557728,2.4461839,51.962616,45.794392,2.2429907,34.356724,50.730995,14.912281,50.159744,35.942493,13.897763,73.869347,20.603016,5.527638,87.188019,10.482529,2.3294508,95.783615,3.5799522,.63643599,0,101110,85250,15860,0,22790,50920,42250,8670,32030,10220,50190,43000,7190,30430,12570,0,6190,7580,6640,6030,5590,5350,6840,6260,5970,6010,11540,14420,12900,12000,11600,36060,37650,73710,0,0,0
Greece,300,2001,EL412,"Ikaria, Samos",1,EL412,2470,10340,21340,1460,5430,10380,1010,4910,10960,790,800,1280,1670,2130,4290,1420,930,1190,1600,1640,3600,2210,1730,2470,3270,3770,7890,1340,1470,980,570,270,280,1140,1270,1250,800,480,490,2480,2740,2230,1370,750,770,30,390,260,200,60,70,90,430,400,250,90,200,120,820,660,450,150,270,8960,10170,1370,4290,980,3570,19130,7860,2350,0,0,0,0,0,0,0,0,0,7.2327967,30.278185,62.489017,8.4539661,31.441807,60.104225,5.9834123,29.087677,64.928909,45.945946,51.55925,2.4948025,32.703213,51.795841,15.500945,46.082088,41.604477,12.313433,64.243614,26.91552,8.8408642,80.72805,16.059958,3.2119915,88.353867,8.6226206,3.0235162,53.584908,43.018867,3.3962264,35.361217,48.288975,16.34981,41.901409,44.014084,14.084507,60.377357,30.188679,9.4339619,74.208145,21.719458,4.0723982,83.916084,11.421911,4.6620045,36.574074,62.037037,1.3888888,30.075188,55.263157,14.661654,50.793652,38.888889,10.31746,68.442619,23.360655,8.1967211,86.585365,10.97561,2.4390244,92.456894,6.034483,1.5086207,0,40020,34150,5870,0,8930,20160,17270,2890,12980,4290,19860,16880,2980,12240,4640,0,2650,2630,2840,2650,2210,2160,2660,2520,2440,2460,4810,5290,5360,5090,4670,14620,14720,29340,0,0,0
Greece,300,2001,EL413,Chios,2,EL413,2710,14860,24370,1570,7810,11110,1140,7050,13260,1210,820,1420,1910,2590,5310,1680,980,1070,1620,1730,4030,2890,1800,2490,3530,4320,9340,1470,1940,1760,1000,460,420,1540,1750,1740,1280,810,690,3010,3690,3500,2280,1270,1110,100,430,340,190,70,10,100,430,390,400,140,110,200,860,730,590,210,120,9430,12050,1470,6270,1040,5580,21480,11850,2510,0,0,0,0,0,0,0,0,0,6.4616117,35.431568,58.106819,7.6622744,38.116154,54.221573,5.3146853,32.867134,61.81818,47.377048,49.344261,3.2786884,28.346457,58.110237,13.543307,37.05357,52.083332,10.863095,55.15625,35.625,9.21875,74.482758,21.896551,3.6206896,88.363289,10.501419,1.1352886,50.602409,46.385544,3.0120482,31.012659,55.379745,13.607594,33.4375,54.375,12.1875,49.090908,38.78788,12.121212,64.552238,30.223881,5.2238808,83.436852,14.285714,2.2774327,43.525181,52.877697,3.5971222,25.70533,60.815048,13.479624,40.340908,50,9.659091,61.612904,32.258064,6.1290321,83.012817,14.743589,2.2435896,92.508713,7.3170733,.17421603,0,49630,41940,7690,0,10570,24490,20490,4000,15660,4830,25140,21450,3690,15710,5740,0,3320,3160,3200,3300,2680,2780,3190,3520,3100,3120,6100,6350,6720,6400,5800,17170,18670,35840,0,0,0
Greece,300,2001,EL421,"Kalymnos, Karpathos, Kos, Rhodes (former (Dodekanisos Prefecture)",1,EL421,11160,47400,82950,6140,24600,40270,5020,22800,42680,5690,5320,6210,8010,6130,11320,6980,5980,5590,7730,6260,7730,12670,11300,11800,15740,12390,19050,5910,7840,4410,2880,1250,510,5450,7690,4920,3730,1610,1200,11360,15530,9330,6610,2860,1710,490,1840,1510,780,250,150,340,1650,1800,1350,550,450,830,3490,3310,2130,800,600,33290,36990,5800,19150,4530,16890,70280,36040,10330,0,0,0,0,0,0,0,0,0,7.8863683,33.495865,58.617767,8.6466694,34.643009,56.710323,7.1205673,32.340427,60.539005,50.965405,45.695896,3.3386967,37.269131,51.220318,11.510554,48.281506,38.175121,13.543371,64.297386,27.001635,8.7009802,77.196259,17.819315,4.9844236,89.185394,8.0056181,2.8089888,54.659359,42.67815,2.6624901,39.033943,50.195824,10.770235,45.410236,39.967506,14.622258,60.343483,29.117876,10.538642,74.346794,19.12114,6.5320663,82.409378,12.793177,4.7974415,47.06369,48.883373,4.0529361,35.466667,52.266666,12.266666,51.195385,36.35614,12.448475,68.637535,24.678663,6.6838045,80.340759,16.3827,3.27654,94.490822,4.2570953,1.2520868,0,173900,141510,32390,0,21360,88300,71010,17290,61630,9380,85600,70500,15100,58520,11980,0,12770,15320,12310,12810,8420,12090,15000,12130,11670,7630,24860,30320,24440,24480,16050,58240,58410,116650,0,0,0
Greece,300,2001,EL422,"Andros, Thira, Kea, Milos, Mykonos, Naxos, Paros, Syros, Tinos (former (Kyklades Prefecture)",1,EL422,5700,25920,55620,3040,13670,28280,2660,12250,27340,2750,2870,3730,4480,5000,8510,3810,3830,3700,3800,4240,8900,6560,6700,7430,8280,9240,17410,2970,4510,2500,1350,500,420,2540,3830,3390,2160,1060,690,5510,8340,5890,3510,1560,1110,130,1110,760,500,90,70,130,890,860,740,230,190,260,2000,1620,1240,320,260,24470,24590,2910,11130,2530,9280,49060,20410,5440,0,0,0,0,0,0,0,0,0,6.5337,29.711142,63.755157,6.7570572,30.384529,62.858414,6.2958579,28.994083,64.71006,53.203568,44.687752,2.1086781,39.319248,48.943661,11.737089,49.732262,39.424366,10.843373,63.545666,26.937836,9.5165005,83.093529,14.028777,2.8776979,92.705002,5.910543,1.3844515,58.796295,39.197533,2.0061729,44.795322,44.795322,10.409357,46.540882,42.64151,10.81761,56.716419,32.238808,11.044776,76.672691,19.168173,4.159132,91.002045,7.0552149,1.9427403,47.008549,50.76923,2.2222223,33.804478,53.121319,13.074205,53.361946,35.765381,10.872675,70.774094,21.327015,7.8988943,89.445435,8.9445438,1.6100179,94.555557,4.6666665,.77777779,0,104800,87240,17560,0,18780,54380,44990,9390,35210,9780,50420,42250,8170,33250,9000,0,6480,8550,7950,6700,5530,5850,8490,6990,6330,5590,12330,17040,14940,13030,11120,38510,36400,74910,0,0,0
Greece,300,2001,EL431,Heraklion,2,EL431,18640,71540,135410,9720,35700,66670,8920,35840,68740,9030,7000,8550,10720,11580,21860,11970,9490,8690,10410,9630,16480,21000,16490,17240,21130,21210,38340,9750,11910,7260,4330,1550,1040,9470,10640,7250,4640,2060,1640,19220,22550,14510,8970,3610,2680,470,3290,2710,1650,570,230,300,2190,2690,2370,1200,970,770,5480,5400,4020,1770,1200,54700,59710,9420,26230,8450,26090,114410,52320,17870,0,0,0,0,0,0,0,0,0,8.2627773,31.712399,60.024822,8.6716032,31.849407,59.478989,7.8590307,31.577093,60.563877,51.232006,46.889484,1.8785069,37.039532,50.651394,12.309074,46.40646,39.057873,14.535666,61.928486,26.289566,11.781946,79.76683,13.576532,6.6566377,90.810043,6.3477025,2.8422549,55.059799,43.560257,1.3799448,42.517921,47.67025,9.8118277,46.645195,38.915726,14.439076,59.7589,26.636051,13.605052,74.709076,15.98138,9.3095427,86.327919,8.5908852,5.0811944,46.909092,50.649349,2.4415584,31.531532,53.648647,14.819819,46.166306,39.200863,14.63283,64.19162,25.928144,9.8802395,84.525551,11.313869,4.160584,94.509293,4.496325,.99437958,0,273370,225590,47780,0,42220,137160,112090,25070,93000,19090,136210,113500,22710,90370,23130,0,21740,22320,18630,17420,12890,19250,22200,18520,16700,13700,40990,44520,37150,34120,26590,90350,94250,184600,0,0,0
Greece,300,2001,EL432,Lasithi,2,EL432,4230,18120,38770,2210,9430,18820,2020,8690,19950,2130,1790,2190,2730,3050,8060,2610,2240,2300,2710,2590,6370,4740,4030,4490,5440,5640,14430,1840,2520,2180,1280,530,340,1790,2290,2410,1410,720,810,3630,4810,4590,2690,1250,1150,180,710,450,450,110,120,60,420,460,540,470,260,240,1130,910,990,580,380,16210,17820,2150,7640,1840,6850,34030,14490,3990,0,0,0,0,0,0,0,0,0,6.9208117,29.646597,63.43259,7.2554169,30.958633,61.78595,6.5883889,28.343119,65.068497,55.052265,42.160278,2.7874565,40.421265,48.244736,11.334002,44.944946,45.945946,9.1091089,59.649124,29.495613,10.855263,75.502007,16.733601,7.7643909,90.413536,7.205514,2.3809524,58.52018,40.134529,1.3452915,45.252525,46.262627,8.484848,44.487427,46.615086,8.8974857,58.154507,30.257511,11.587983,68.518517,19.047619,12.433863,85.618279,10.887096,3.4946237,51.325302,44.337349,4.3373494,35.657372,50.199203,14.143426,45.435684,45.228214,9.3360996,61.210762,28.699551,10.089686,82.655823,14.363144,2.9810297,94.600937,3.9906104,1.4084507,0,72780,61120,11660,0,15960,36820,30460,6360,23020,7440,35960,30660,5300,22140,8520,0,4460,4950,5170,4660,3780,4150,5020,4820,4460,3690,8610,9970,9990,9120,7470,26000,26510,52510,0,0,0
Greece,300,2001,EL433,Rethymno,1,EL433,4750,19470,36980,2370,9590,18500,2380,9880,18480,2540,2010,2150,2610,2940,6230,3380,2820,2290,2580,2180,5250,5920,4830,4440,5190,5120,11480,3470,2910,1750,1180,340,230,2340,2850,2230,1190,500,480,5810,5760,3980,2370,840,710,210,950,570,390,150,110,130,590,570,670,240,170,340,1540,1140,1060,390,280,15120,15940,2240,7250,2170,6410,31060,13660,4410,0,0,0,0,0,0,0,0,0,7.7614379,31.813726,60.424835,7.7806959,31.483913,60.73539,7.7423553,32.140533,60.117111,49.047226,48.135876,2.8169014,39.81863,47.485573,12.695796,46.443516,41.631798,11.924686,60.208817,27.4942,12.296984,80.629921,13.228347,6.1417322,92.060944,5.693665,2.245389,57.777779,40,2.2222223,45.047924,45.527157,9.4249201,44.990177,43.811394,11.198428,58.108109,26.801802,15.09009,74.657532,17.123287,8.2191782,88.983047,8.1355934,2.881356,40.836014,55.787781,3.3762057,34.241909,49.574104,16.183987,48.098434,39.149887,12.751678,62.440193,28.229666,9.3301439,85.714287,9.9125366,4.373178,94.824959,3.500761,1.6742771,0,75250,61200,14050,0,12470,37760,30460,7300,24560,5900,37490,30740,6750,24170,6570,0,5850,6260,5090,4440,2920,6220,5870,4470,4180,3430,12070,12130,9560,8620,6350,24610,24520,49130,0,0,0
Greece,300,2001,EL434,Chania,2,EL434,8960,38750,63690,4610,20330,30750,4350,18420,32940,4300,2890,4220,4700,5610,11220,4980,4190,3940,4180,4370,9090,9280,7080,8160,8880,9980,20310,3700,6030,4230,2620,960,880,4170,5390,4520,3370,1410,1470,7870,11420,8750,5990,2370,2350,270,1460,1350,1000,180,90,110,1130,1260,1140,630,340,380,2590,2610,2140,810,430,25770,28640,4500,16160,4080,14720,54410,30880,8580,0,0,0,0,0,0,0,0,0,8.043088,34.784561,57.172352,8.2779675,36.505657,55.216377,7.8082929,33.064083,59.127625,52.93782,44.894466,2.1677125,33.570412,54.148888,12.280702,41.80328,44.825821,13.370902,52.204586,35.214581,12.580834,75.835869,18.009119,6.155015,87.960159,10.177566,1.862278,53.779697,45.032398,1.187905,39.122314,50.326797,10.550887,40.534981,46.502056,12.962963,48.101265,38.780209,13.118527,68.174728,21.99688,9.828393,83.394493,13.486238,3.119266,51.995163,44.740025,3.2648125,27.842005,58.092487,14.065511,43.061226,43.163265,13.77551,56.490383,31.490385,12.019231,83.111115,14.222222,2.6666667,92.042656,7.2190318,.7383101,0,134220,111400,22820,0,23090,67600,55690,11910,44790,10900,66620,55710,10910,43520,12190,0,9260,10710,9720,8690,6410,8270,10380,9800,8320,6750,17530,21090,19520,17010,13160,46430,47440,93870,0,0,0
Greece,300,2001,EL511,Evros,2,EL511,8160,30970,76160,4430,16010,35750,3730,14960,40410,3810,2440,4440,6040,8240,15440,4330,3020,3720,5820,7220,11640,8140,5460,8160,11860,15460,27080,4260,4930,3250,1380,590,550,3710,4950,3560,2270,800,720,7970,9880,6810,3650,1390,1270,180,1530,1030,540,310,140,130,1370,1360,950,390,230,310,2900,2390,1490,700,370,31420,36600,4300,12300,3550,10700,68020,23000,7850,0,0,0,0,0,0,0,0,0,7.0778036,26.862694,66.059502,7.883965,28.492615,63.623421,6.3113365,25.313028,68.375633,49.573692,48.538368,1.8879415,29.93421,54.166668,15.899123,47.004608,39.228111,13.767282,69.764709,21.470589,8.7647057,88.091171,7.920228,3.9886041,94.289696,4.4220057,1.2883009,52.998775,45.410038,1.5911872,32.334045,52.99786,14.668095,43.055557,41.203705,15.740741,64.380531,25.110619,10.508849,85.850182,9.5124855,4.6373367,92.45433,5.7188244,1.8268467,46.18182,51.636364,2.1818182,27.41573,55.393257,17.191011,50.917431,37.270641,11.811927,75.879395,17.336683,6.7839198,90.153175,6.455142,3.391685,95.72226,3.4097955,.86794794,0,135980,115290,20690,0,28720,66840,56190,10650,43600,12590,69140,59100,10040,42970,16130,0,8170,9340,8640,9040,8410,8250,8900,8720,7960,9140,16420,18240,17360,17000,17550,48020,50850,98870,0,0,0
Greece,300,2001,EL512,Xanthi,2,EL512,4940,17650,55500,2940,9530,25870,2000,8120,29630,4580,3830,4620,4740,5300,6560,4820,3720,3760,4180,4250,5140,9400,7550,8380,8920,9550,11700,2110,2570,2000,820,420,200,2610,2530,2180,1300,530,380,4720,5100,4180,2120,950,580,170,660,700,320,140,10,210,830,850,590,260,200,380,1490,1550,910,400,210,21050,25050,2730,6920,1830,6010,46100,12930,4560,0,0,0,0,0,0,0,0,0,6.3260341,22.602125,71.071838,7.6682315,24.856546,67.47522,5.0314465,20.427673,74.540878,64.827583,32.551723,2.6206896,53.394627,36.067894,10.537482,59.390503,29.62438,10.985117,74.644348,17.740585,7.6150627,87.614677,8.7155962,3.6697247,93.674942,4.6437149,1.6813451,63.089005,34.162304,2.7486911,52.542374,35.734463,11.723164,55.375553,32.106037,12.51841,68.863258,21.416803,9.7199345,84.325394,10.515873,5.15873,89.860138,6.6433568,3.4965036,66.763847,30.758017,2.4781342,54.24929,36.402267,9.3484421,63.114754,27.322405,9.5628414,80.612244,13.945579,5.4421768,90.443687,7.1672354,2.3890786,96.898079,2.9542098,.14771049,0,96480,78090,18390,0,12490,47540,38340,9200,32620,5720,48940,39750,9190,32980,6770,0,7640,7080,6790,6070,5040,6860,7060,7320,5880,5860,14500,14140,14110,11950,10900,30700,32890,63590,0,0,0
Greece,300,2001,EL513,Rhodope,1,EL513,5190,18780,65490,2870,9380,30140,2320,9400,35350,4860,3840,4850,5930,6380,9490,4330,3970,4120,5050,5230,7440,9190,7810,8970,10980,11610,16930,3260,2620,1940,970,300,310,2440,2510,2310,1110,580,430,5700,5130,4250,2080,880,740,140,940,680,380,120,60,140,710,820,710,380,110,280,1650,1500,1090,500,170,25810,30490,2730,6940,2180,6140,56300,13080,4910,0,0,0,0,0,0,0,0,0,5.8014755,20.992622,73.205902,6.7704649,22.127861,71.101677,4.9288292,19.970257,75.100914,60.580093,37.574158,1.8457482,53.529816,35.161068,11.309115,60.9375,28.872282,10.190217,77.597176,14.699647,7.7031803,89.376442,6.7744417,3.8491147,94.899101,4.1479821,.95291477,62.662807,35.311142,2.0260491,55.215576,34.909595,9.8748264,56.827587,31.862068,11.310345,73.508003,16.157206,10.334789,84.491112,9.3699512,6.1389337,93.233086,5.3884711,1.3784461,58.837772,39.467312,1.6949153,51.891891,35.405407,12.702703,64.926369,25.970549,9.1030788,81.456047,13.324176,5.2197804,93.823532,4.4117646,1.7647059,96.247467,3.1440163,.60851926,0,106090,89460,16630,0,17840,51180,42390,8790,34410,7980,54910,47070,7840,37210,9860,0,6910,7190,7250,6870,6190,8260,7400,7470,7280,6800,15170,14590,14720,14150,12990,35480,38810,74290,0,0,0
Greece,300,2001,EL514,Drama,1,EL514,5130,23220,53200,2880,12050,24650,2250,11170,28550,2320,2130,3190,4370,5970,10570,3180,2380,2460,3560,4380,8690,5500,4510,5650,7930,10350,19260,3030,3840,2510,1140,320,330,2640,3430,3020,1810,600,550,5670,7270,5530,2950,920,880,120,750,700,430,160,90,110,800,860,610,270,230,230,1550,1560,1040,430,320,21470,26230,2770,9410,2130,8140,47700,17550,4900,0,0,0,0,0,0,0,0,0,6.2906194,28.47333,65.236053,7.276402,30.44467,62.278927,5.3609719,26.614248,68.02478,48.245613,49.736843,2.0175438,33.833458,54.538635,11.627907,44.348507,43.406593,12.244898,66.526848,24.748322,8.7248325,88.46154,7.8632479,3.6752136,94.134895,4.3010755,1.5640274,53.625633,44.519394,1.8549747,36.00605,51.891075,12.102875,38.801262,47.634068,13.564669,59.531773,30.267559,10.200669,83.428574,11.428572,5.1428571,91.763466,5.8078141,2.4287224,42.413162,55.393051,2.1937842,31.696428,57.142857,11.160714,49.84375,39.21875,10.9375,73.569023,19.191919,7.2390571,92.558136,4.9612403,2.4806201,96.178345,3.0027297,.81892627,0,96560,81550,15010,0,20460,47340,39580,7760,30110,9470,49220,41970,7250,30980,10990,0,5930,6610,6340,5980,5250,5470,6720,6400,5940,6450,11400,13330,12740,11920,11700,33650,36500,70150,0,0,0
Greece,300,2001,EL515,"Thasos, Kavala",2,EL515,7880,35520,73200,4110,18440,34100,3770,17080,39100,3700,3150,4420,6350,7700,13780,4530,3950,3620,5150,6050,10800,8230,7100,8040,11500,13750,24580,4220,5070,4280,2020,880,610,3450,5120,4470,2740,1330,1330,7670,10190,8750,4760,2210,1940,200,1380,1090,760,230,110,80,1020,1240,990,480,300,280,2400,2330,1750,710,410,29570,35400,4030,14990,3570,12860,64970,27850,7600,0,0,0,0,0,0,0,0,0,6.7581477,30.463121,62.778732,7.255075,32.550751,60.194176,6.2885737,28.490408,65.221016,50.865265,47.404202,1.7305316,36.058914,51.752159,12.188929,42.050209,45.763599,12.186193,63.853416,26.429762,9.7168236,82.483505,13.257348,4.2591481,91.273674,7.2038617,1.5224657,56.203472,42.80397,.99255586,39.147671,50.743309,10.109019,38.799572,47.909969,13.290461,57.995495,30.855856,11.148648,76.972008,16.92112,6.1068702,86.886566,10.69992,2.4135158,45.566502,51.970444,2.4630542,32.8125,52.8125,14.375,45.148109,43.718079,11.13381,69.550934,22.124863,8.3242064,87.400681,9.9886494,2.6106696,95.034485,4.2068968,.75862068,0,138300,116600,21700,0,26930,67880,56650,11230,44220,12430,70420,59950,10470,45450,14500,0,8060,10090,9330,8880,7860,8120,9600,9790,9130,8810,16180,19690,19120,18010,16670,48590,51830,100420,0,0,0
Greece,300,2001,EL521,Imathia,2,EL521,7400,31900,74920,3930,16830,34950,3470,15070,39970,4190,3380,5060,7380,8230,11730,5110,3950,3690,5710,7250,9240,9300,7330,8750,13090,15480,20970,4060,5120,3080,1640,760,410,3580,5000,3960,2450,1090,750,7640,10120,7040,4090,1850,1160,210,1190,1180,730,140,20,100,920,1150,1060,450,250,310,2110,2330,1790,590,270,29840,35780,3830,13250,3260,11010,65620,24260,7090,0,0,0,0,0,0,0,0,0,6.4787254,27.928558,65.592712,7.054389,30.210016,62.735596,5.9306102,25.756281,68.31311,53.913044,44.289856,1.7971015,37.474438,51.738243,10.787321,48.289185,38.852097,12.85872,69.003693,21.560358,9.4359512,86.383926,10.323661,3.2924106,93.616074,5.1785712,1.2053572,58.134243,40.7281,1.1376565,40.020264,50.658562,9.3211756,41.93182,45,13.068182,61.930584,26.572668,11.496746,82.480087,12.400455,5.1194539,90.234375,7.3242188,2.4414063,49.527187,47.990543,2.4822695,34.881321,52.837978,12.280702,54.291847,33.047211,12.660944,75.692307,16.820513,7.4871793,90.142387,8.3242064,1.5334064,96.463814,3.3717105,.16447368,0,136520,114220,22300,0,22400,67140,55710,11430,45470,10240,69380,58510,10870,46350,12160,0,8790,9870,8800,9220,8790,8460,9690,9320,9750,9130,17250,19560,18120,18970,17920,46920,50050,96970,0,0,0
Greece,300,2001,EL522,Thessaloniki,5,EL522,108010,345850,394080,55390,170170,178100,52620,175680,215980,25230,16620,26900,35770,42210,69250,31300,20700,20680,27100,30840,47480,56530,37320,47580,62870,73050,116730,47790,47660,35690,23140,11950,9450,40700,45420,36260,24670,12690,10430,88490,93080,71950,47810,24640,19880,3810,18620,14690,9130,3870,2500,2130,14440,14270,11460,6980,6110,5940,33060,28960,20590,10850,8610,146800,190750,53260,129470,48810,127890,337550,257360,102070,0,0,0,0,0,0,0,0,0,12.737929,40.787083,46.474987,13.721944,42.156765,44.121292,11.843883,39.542629,48.613487,37.447006,58.618176,3.9348171,22.831274,56.943596,20.225132,32.042561,48.454441,19.502996,47.893654,36.421116,15.685229,67.302376,22.701309,9.996315,80.381493,13.689574,5.9289355,42.223122,54.903549,2.8733306,25.695133,56.380337,17.924528,29.040865,50.919815,20.03932,42.859402,39.016289,18.124308,61.057217,25.123737,13.819046,74.164322,16.291784,9.5438919,32.838734,62.202263,4.9590006,20.04825,57.490955,22.460796,34.808487,46.182713,19.008799,52.572018,34.009407,13.418577,72.738235,20.592796,6.6689644,85.283249,11.637931,3.0788176,0,1003210,847940,155270,0,145220,483200,403660,79540,339640,64020,520010,444280,75730,363080,81200,0,74130,80560,71210,63230,50510,76830,82900,77280,68040,58030,150960,163460,148490,131270,108540,329530,367450,696980,0,0,0
Greece,300,2001,EL523,Kilkis,1,EL523,3560,19470,47200,1980,9930,22470,1580,9540,24730,2050,1690,2790,3220,5680,9300,2790,2300,2410,2680,4270,8020,4840,3990,5200,5900,9950,17320,2860,3070,2070,980,420,140,2100,2660,2860,1260,650,400,4960,5730,4930,2240,1070,540,90,610,520,200,100,60,60,500,640,350,250,180,150,1110,1160,550,350,240,19680,22680,1920,7830,1490,6680,42360,14510,3410,0,0,0,0,0,0,0,0,0,5.0690589,27.723196,67.207748,5.7591624,28.883072,65.357765,4.4072523,26.610878,68.981873,48.643215,49.849247,1.5075377,36.842106,52.908588,10.249308,46.05846,43.666962,10.274579,67.894135,25.776754,6.329114,87.510994,9.4107304,3.0782762,95.690605,2.9834254,1.3259668,56.363636,42.424244,1.2121212,42.124542,48.717949,9.1575089,40.778343,48.392555,10.829103,62.470863,29.37063,8.1585083,82.591873,12.572534,4.8355899,93.255814,4.6511626,2.0930233,41,57.200001,1.8,31.471136,57.16946,11.359405,51.858738,38.475838,9.6654272,73.181816,22.272728,4.5454545,91.6129,6.7741938,1.6129032,97.894737,1.4736842,.63157892,0,82180,70230,11950,0,18100,40880,34380,6500,25780,8600,41300,35850,5450,26350,9500,0,4950,5460,5910,4290,5170,5000,5370,5380,4400,6200,9950,10830,11290,8690,11370,29430,30850,60280,0,0,0
Greece,300,2001,EL524,Pella,1,EL524,5990,28460,82050,3040,15270,39760,2950,13190,42290,4310,3750,5820,6190,8380,13840,4850,5190,5340,5600,7220,11560,9160,8940,11160,11790,15600,25400,3790,4280,2950,1320,610,240,3170,4450,4060,2150,750,690,6960,8730,7010,3470,1360,930,240,1040,960,480,170,60,50,760,1010,750,290,180,290,1800,1970,1230,460,240,34910,37980,2990,12100,2710,9400,72890,21500,5700,0,0,0,0,0,0,0,0,0,5.1416311,24.429184,70.429184,5.2350612,26.295851,68.469086,5.0487761,22.57402,72.377205,55.819622,42.413162,1.7672151,45.916794,44.838211,9.2449923,55.412117,34.806355,9.7815294,71.497879,21.043056,7.4590659,89.552238,7.8071184,2.6406429,95.596535,3.5001881,.90327436,60.099133,39.281288,.61957866,49.903847,42.78846,7.3076925,51.296829,39.000961,9.7022095,65.882355,25.294117,8.8235292,87.409203,9.0799036,3.510896,93.000801,5.5510859,1.4481094,51.678658,45.443645,2.8776979,41.345093,47.188534,11.466372,59.815006,30.318602,9.8663921,77.47184,16.520651,6.0075092,91.484718,6.6593885,1.8558952,97.878357,1.6973126,.42432815,0,139470,116500,22970,0,26570,69760,58070,11690,45640,12430,69710,58430,11280,44290,14140,0,8070,10400,10410,8500,8260,8340,9070,9730,7990,9160,16410,19470,20140,16490,17420,50000,50090,100090,0,0,0
Greece,300,2001,EL525,Pieria,2,EL525,6980,29230,66160,3410,15120,32000,3570,14110,34160,3200,3020,4620,5710,7450,10160,4070,3710,4510,4890,6020,8800,7270,6730,9130,10600,13470,18960,4210,5180,2730,1280,500,210,3560,4960,3540,1800,780,480,7770,10140,6270,3080,1280,690,170,1410,1130,580,230,50,90,880,990,790,380,280,260,2290,2120,1370,610,330,27930,30960,3320,11560,3400,9900,58890,21460,6720,0,0,0,0,0,0,0,0,0,6.8184037,28.553288,64.628311,6.7484665,29.922817,63.328716,6.8865743,27.218365,65.895065,47.516338,50.784313,1.6993464,35.125259,52.922756,11.951983,52.111874,35.78767,12.100456,70.431892,20.465117,9.1029902,87.695313,8.333333,3.9713542,94.894897,3.4534535,1.6516516,52.720207,46.113991,1.1658031,38.848167,51.937172,9.2146597,49.889381,39.15929,10.951327,65.374329,24.064171,10.561498,83.844009,10.86351,5.292479,92.050209,5.0209203,2.9288702,42.216358,55.540897,2.242744,31.425598,53.902184,14.672216,54.481133,32.193398,13.325472,75.429329,16.908852,7.6618228,91.075798,6.1124697,2.8117359,97.504799,2.0153551,.47984645,0,123980,102370,21610,0,19980,61770,50530,11240,40970,9560,62210,51840,10370,41420,10420,0,7720,9550,9040,7480,7180,7580,9610,8480,7570,8180,15300,19160,17520,15050,15360,42810,44260,87070,0,0,0
Greece,300,2001,EL526,Serres,2,EL526,9720,39540,115310,5030,20590,55240,4690,18950,60070,4440,4550,6610,9500,13190,21780,6140,5710,6050,7830,10850,18660,10580,10260,12660,17330,24040,40440,6140,6000,3970,1780,640,420,5070,5980,4960,2630,1300,650,11210,11980,8930,4410,1940,1070,340,1770,1460,700,320,100,190,1280,1400,1140,640,380,530,3050,2860,1840,960,480,49100,55630,4840,15520,4350,12810,104730,28330,9190,0,0,0,0,0,0,0,0,0,5.9063015,24.026251,70.067451,6.2206283,25.463764,68.315605,5.6026759,22.637678,71.759644,47.401432,50.224014,2.374552,40.569393,47.370502,12.060102,51.77914,36.523518,11.697342,73.494484,18.70229,7.8032231,89.235336,7.2011876,3.5634744,96.308647,2.5482259,1.1431293,53.85965,44.473682,1.6666666,44.024673,46.1064,9.868928,48.751007,39.96777,11.281225,67.5,22.672413,9.8275862,84.831902,10.164191,5.0039091,94.768921,3.3011682,1.9299136,40.65934,56.227108,3.113553,36.93182,48.701298,14.366883,54.900333,32.973423,12.126245,79.298828,14.858097,5.8430719,93.215546,4.5229683,2.2614841,97.668159,1.8834081,.44843048,0,191200,164570,26630,0,41990,94650,80860,13790,61170,19690,96550,83710,12840,61410,22300,0,11400,12970,12410,11600,12790,10920,12320,12040,11980,14150,22320,25290,24450,23580,26940,69460,72790,142250,0,0,0
Greece,300,2001,EL527,Chalkidiki,1,EL527,5200,24860,54320,2740,13610,26790,2460,11250,27530,2870,2650,3460,4710,5780,8060,3760,3290,3150,3590,5710,7290,6630,5940,6610,8300,11490,15350,3180,3650,2500,1330,390,200,2820,4270,3150,1920,960,490,6000,7920,5650,3250,1350,690,160,760,740,600,150,50,70,580,670,910,360,150,230,1340,1410,1510,510,200,23030,24660,2670,10790,2300,8070,47690,18860,4970,0,0,0,0,0,0,0,0,0,6.1625977,29.461958,64.375443,6.3514142,31.548447,62.10014,5.9650826,27.279341,66.755577,51.55521,46.6563,1.7884915,39.078949,52.105263,8.8157892,48.354061,41.331383,10.314557,63.552834,24.885145,11.562021,86.067413,10.11236,3.8202248,94.519707,4.2487683,1.2315271,56.541355,42.406013,1.0526316,40.41769,52.457001,7.1253071,45.193687,45.193687,9.6126251,55.919003,29.906542,14.174455,81.223328,13.655761,5.1209102,91.929382,6.1790667,1.891551,46.215782,51.207729,2.5764894,37.535412,51.699718,10.764873,51.641792,37.313435,11.044776,70.933739,20.030121,9.0361443,91.455696,6.170886,2.3734176,96.991577,2.4067388,.60168469,0,100010,84380,15630,0,16240,51270,43140,8130,35210,7930,48740,41240,7500,32930,8310,0,6650,8140,6970,6420,7030,6210,7060,6700,6640,6320,12860,15200,13670,13060,13350,36490,35030,71520,0,0,0
Greece,300,2001,EL531,"Grevena, Kozani",2,EL531,9560,46550,95130,5300,25740,44190,4260,20810,50940,4400,3460,6680,7690,10240,18470,5550,3560,5030,6660,8310,15080,9950,7020,11710,14350,18550,33550,6110,6990,4820,1800,780,310,6360,7500,6250,3310,1330,990,12470,14490,11070,5110,2110,1300,330,1880,1210,630,160,50,80,1520,1570,1140,560,430,410,3400,2780,1770,720,480,38640,46540,5220,19380,3930,14700,85180,34080,9150,0,0,0,0,0,0,0,0,0,6.3210793,30.778894,62.900028,7.0450616,34.215073,58.739864,5.6045256,27.377977,67.017494,43.583004,54.621113,1.7958826,28.181454,58.169411,13.649137,45.81377,43.30986,10.876369,67.593025,24.069714,8.3372583,86.763329,9.8690367,3.3676333,94.961792,3.6795924,1.3586187,46.288574,53.044205,.66722268,28.298887,59.618443,12.082671,39.14397,48.638134,12.217898,59.945995,29.79298,10.261026,81.470589,13.039216,5.4901962,91.393936,6,2.6060605,40.590405,56.365314,3.0442805,28.061638,56.690998,15.247364,52.557041,37.922894,9.5200634,75.988144,17.786562,6.2252965,91.592133,6.9767442,1.4311271,98.088158,1.6463091,.26553372,0,180150,151240,28910,0,35330,90330,75230,15100,58730,16500,89820,76010,13810,57180,18830,0,11990,12580,12850,11110,10200,10840,12330,12710,10120,11180,22830,24910,25560,21230,21380,63240,65170,128410,0,0,0
Greece,300,2001,EL532,Kastoria,1,EL532,2940,10980,28270,1570,5640,13960,1370,5340,14310,1300,1110,2330,2230,2440,4900,1460,1480,2320,2460,2380,3860,2760,2590,4650,4690,4820,8760,1800,1660,1030,510,190,150,1500,1820,1180,540,340,260,3300,3480,2210,1050,530,410,90,610,400,180,90,0,20,510,440,310,190,100,110,1120,840,490,280,100,12500,13010,1550,4140,1280,3540,25510,7680,2830,0,0,0,0,0,0,0,0,0,6.9684758,26.025124,67.006401,7.4161549,26.641474,65.942368,6.5176024,25.404377,68.078018,44.732578,53.484604,1.7828201,36.022255,48.400555,15.57719,60.38961,28.701298,10.909091,75.280899,16.853933,7.8651686,85.612785,9.4138546,4.9733572,94.498383,4.4228697,1.0787487,48.99329,50.335571,.67114097,38.845146,47.769028,13.385827,58.883247,29.949238,11.167513,74.320244,16.314199,9.3655586,81.786942,11.683848,6.5292096,91.469193,6.1611376,2.3696682,40.75235,56.426331,2.8213167,32.840237,49.112427,18.047337,61.968086,27.393618,10.638298,76.369865,17.465754,6.1643834,89.705879,6.9852943,3.3088236,97.029701,2.9702971,0,0,49770,42190,7580,0,9270,25260,21170,4090,16950,4220,24510,21020,3490,15970,5050,0,2980,3810,3940,3310,2910,3190,3380,3760,2920,2720,6170,7190,7700,6230,5630,18190,17830,36020,0,0,0
Greece,300,2001,EL533,Florina,1,EL533,2530,12100,28470,1340,6630,13540,1190,5470,14930,1460,1280,2200,1970,2720,5300,1710,1300,2030,2060,2180,4260,3170,2580,4230,4030,4900,9560,2060,1680,1050,380,140,160,1680,2020,1690,750,210,280,3740,3700,2740,1130,350,440,100,360,380,170,90,90,50,300,360,430,90,110,150,660,740,600,180,200,11830,13470,1290,4950,1090,3410,25300,8360,2380,0,0,0,0,0,0,0,0,0,5.8700695,28.074245,66.055687,6.2296605,30.822872,62.947468,5.5118113,25.335804,69.152382,44.900848,52.974503,2.1246459,37.175793,53.314121,9.5100861,54.863811,35.538261,9.5979252,69.965279,19.618055,10.416667,90.23941,6.445672,3.3149171,93.725487,4.3137255,1.9607843,49.709301,48.837208,1.4534883,35.911602,55.801105,8.2872925,49.754902,41.42157,8.8235292,63.580246,23.148148,13.271605,87.903229,8.467742,3.6290324,91.6129,6.0215054,2.3655913,40.331493,56.906078,2.7624309,38.554218,50.602409,10.843373,60.60606,28.925619,10.46832,78.174606,15.079365,6.7460318,92.203392,4.7457628,3.0508475,95.495499,2.8828828,1.6216216,0,52000,43100,8900,0,10200,25860,21510,4350,16860,4650,26140,21590,4550,16040,5550,0,3440,3620,4080,3240,2480,3620,3320,3630,2520,2950,7060,6940,7710,5760,5430,18070,17970,36040,0,0,0
Greece,300,2001,EL541,"Arta, Preveza",1,EL541,7340,26300,76820,4180,14100,36180,3160,12200,40640,3350,2570,4330,6670,8410,15310,3980,3030,4490,6350,6580,11750,7330,5600,8820,13020,14990,27060,3770,3890,2430,1330,460,320,3670,4300,2970,1670,770,720,7440,8190,5400,3000,1230,1040,190,1210,910,640,150,60,160,930,1070,1140,450,430,350,2140,1980,1780,600,490,32200,37290,4020,10430,2970,8430,69490,18860,6990,0,0,0,0,0,0,0,0,0,6.6449394,23.809525,69.54554,7.6753583,25.890562,66.434082,5.6428571,21.785715,72.571426,48.478836,49.206348,2.3148148,35.153797,51.41243,13.433773,54.444443,33.333332,12.222222,73.146065,16.853933,10,89.120094,7.3127232,3.5671818,94.648476,3.6376355,1.713886,50.960308,46.991035,2.0486555,36.682808,52.058113,11.25908,52.637749,34.818287,12.543962,69.323143,18.231441,12.445415,84.358971,9.8717947,5.7692308,91.085274,5.5813951,3.3333333,45.827633,51.573189,2.5991793,33.507172,50.717079,15.775749,56.453716,31.681877,11.864407,77.199074,15.393518,7.4074073,93.237251,5.0997782,1.6629711,97.578072,2.0395157,.38240919,0,129250,110460,18790,0,28590,64170,54460,9710,41560,12900,65080,56000,9080,40310,15690,0,7810,8260,8530,9160,7800,7310,7670,7670,8640,9020,15120,15930,16200,17800,16820,46650,48690,95340,0,0,0
Greece,300,2001,EL542,Thesprotia,1,EL542,1930,8420,25180,1110,4650,11750,820,3770,13430,1280,1000,1680,2190,2430,4850,1500,920,1650,2090,1860,3730,2780,1920,3330,4280,4290,8580,1350,1190,800,310,60,60,1070,1350,1040,770,240,180,2420,2540,1840,1080,300,240,20,270,250,200,70,10,20,340,240,300,120,90,40,610,490,500,190,100,10250,12150,1090,3580,800,2420,22400,6000,1890,0,0,0,0,0,0,0,0,0,5.4320292,23.698282,70.86969,6.3392348,26.556253,67.104515,4.5504994,20.921198,74.528305,53.053436,46.183205,.76335877,37.869823,50.098618,12.031558,58.833923,32.508835,8.6572437,73.037544,18.430035,8.532423,89.748955,6.2761507,3.9748955,96.188339,2.690583,1.1210762,57.915058,41.31274,.77220076,35.249043,51.724136,13.02682,56.313992,35.494881,8.1911259,66.139244,24.367088,9.4936705,83.783783,10.810811,5.4054055,93.25,4.5,2.25,48.301888,50.943398,.75471699,40.650406,48.373985,10.97561,61.53846,29.304029,9.1575089,81.111115,11.481482,7.4074073,94.921875,2.34375,2.734375,98.577232,1.2195122,.20325203,0,42320,35530,6790,0,8920,21160,17510,3650,13510,4000,21160,18020,3140,13100,4920,0,2590,2610,2930,3160,2220,2650,2460,2730,2700,2560,5240,5070,5660,5860,4780,14920,15370,30290,0,0,0
Greece,300,2001,EL543,Ioannina,2,EL543,14020,42890,81590,7710,22050,37680,6310,20840,43910,3710,2610,5000,7250,8200,17140,4660,3120,4510,6300,6710,12380,8370,5730,9510,13550,14910,29520,7990,5460,3750,2230,810,600,6040,6200,3970,2920,1490,1430,14030,11660,7720,5150,2300,2030,550,2480,1290,1280,460,250,290,2150,1640,1780,1010,840,840,4630,2930,3060,1470,1090,33020,40200,7420,16010,5760,12850,73220,28860,13180,0,0,0,0,0,0,0,0,0,10.122744,30.967508,58.909748,11.432384,32.695728,55.871887,8.8798199,29.32733,61.79285,36.015491,60.370052,3.6144578,26.021799,52.951862,21.02634,47.172619,38.293652,14.533731,62.270222,23.66728,14.0625,79.817986,12.312634,7.869379,90.441177,6.2193627,3.3394608,42.402184,54.959053,2.6387625,27.201395,54.054054,18.744551,44.565216,39.229248,16.205534,57.272728,26.545454,16.181818,72.855591,16.178068,10.966341,84.505119,9.7610922,5.7337885,30.285715,65.224487,4.4897957,24.739336,51.753555,23.507109,49.800797,37.350597,12.848605,67.379181,20.724907,11.895911,86.589226,8.5533266,4.8574448,95.275154,3.3351862,1.389661,0,158500,138500,20000,0,32640,77760,67440,10320,52790,14650,80740,71060,9680,53070,17990,0,10990,11470,10120,11000,9210,12250,10550,10040,10760,9470,23240,22020,20160,21760,18680,56450,58810,115260,0,0,0
Greece,300,2001,EL611,"Karditsa, Trikala",2,EL611,13740,48720,146870,7360,26530,69670,6380,22190,77200,6700,5540,8590,11120,16970,28280,7590,6010,8420,11490,13620,22540,14290,11550,17010,22610,30590,50820,6010,7370,4560,2570,1040,640,5810,7930,6020,3200,1930,1640,11820,15300,10580,5770,2970,2280,410,2610,1920,940,330,170,210,1820,1950,1730,1000,650,620,4430,3870,2670,1330,820,62080,70500,7150,20720,5970,16180,132580,36900,13120,0,0,0,0,0,0,0,0,0,6.5637989,23.274256,70.161942,7.1069913,25.618,67.275009,6.0319562,20.979485,72.988564,53.460533,44.219978,2.3194911,36.924553,48.913044,14.162404,54.068657,33.630005,12.301335,72.818039,18.582932,8.5990334,87.675552,8.5124674,3.8119805,94.25074,4.2284865,1.5207715,55.767818,42.689198,1.5429831,38.134518,50.317261,11.548223,51.372787,36.729713,11.897498,69.975639,19.488428,10.535932,82.296074,11.661632,6.0422959,90.777283,6.6049132,2.617801,51.067074,45.807926,3.125,35.695877,47.487114,16.817011,57.000664,30.258793,12.740544,76.008202,17.566645,6.4251537,92.529991,5.6706653,1.7993457,97.215538,2.2000687,.58439326,0,247100,209330,37770,0,53920,122410,103560,18850,78730,24830,124690,105770,18920,76680,29090,0,13610,15760,16390,16420,16550,13120,15520,15070,14630,18340,26730,31280,31460,31050,34890,89950,92650,182600,0,0,0
Greece,300,2001,EL612,Larissa,2,EL612,19740,64460,136710,10340,32590,64620,9400,31870,72090,7730,5440,8680,12320,15280,22640,8870,6920,7740,9970,12210,18910,16600,12360,16420,22290,27490,41550,9610,9580,6210,3920,1230,1320,7320,9230,7450,4600,2100,1890,16930,18810,13660,8520,3330,3210,720,3800,2850,1500,360,170,320,2800,3040,2300,1160,720,1040,6600,5890,3800,1520,890,55750,64360,10020,25270,8680,22260,120110,47530,18700,0,0,0,0,0,0,0,0,0,8.9357653,29.179304,61.88493,9.6141329,30.302185,60.083683,8.2921667,28.113974,63.593861,48.018513,48.973099,3.0083888,32.724384,49.80143,17.474186,45.649151,37.976089,16.374756,64.403351,24.617163,10.979486,85.00309,10.296846,4.7000618,91.018623,7.0317636,1.9496167,53.725014,44.336765,1.9382193,36.517151,48.707123,14.775725,42.457489,40.866703,16.67581,59.098991,27.267338,13.633669,78.926956,13.57466,7.498384,87.87175,8.7825279,3.3457248,42.801773,53.211517,3.986711,28.90542,50.903294,20.191286,48.928974,35.005638,16.06539,69.447578,22.096956,8.4554682,90.574982,7.291049,2.1339657,93.825111,5.4703689,.70451719,0,264160,220910,43250,0,45650,129750,107550,22200,86030,21520,134410,113360,21050,89230,24130,0,16510,18950,18230,16870,15470,18060,18820,17740,17740,16870,34570,37770,35970,34610,32340,91040,95300,186340,0,0,0
Greece,300,2001,EL613,Magnesia,2,EL613,14220,54670,94160,7750,29150,42690,6470,25520,51470,5760,3950,6480,8470,10210,16600,6750,4940,5070,6590,7760,11580,12510,8890,11550,15060,17970,28180,6760,7110,5570,3150,1630,1300,5940,7660,6800,4320,2310,2120,12700,14770,12370,7470,3940,3420,350,2260,1980,1210,410,260,270,1920,2140,1780,890,750,620,4180,4120,2990,1300,1010,35940,45710,7480,23210,6120,18760,81650,41970,13600,0,0,0,0,0,0,0,0,0,8.7212515,33.529591,57.749157,9.7374039,36.625206,53.63739,7.7522168,30.577522,61.670261,48.432056,49.167633,2.4003098,31.93247,53.053162,15.014368,41.191154,44.115551,14.693295,59.012539,29.27116,11.716301,77.423523,16.975441,5.6010342,86.415207,10.48758,3.0972095,52.083332,45.833332,2.0833333,34.022038,52.754822,13.223141,36.188438,48.536758,15.274804,51.930653,34.042553,14.026793,70.802917,21.076643,8.1204376,80.138405,14.67128,5.1903114,44.755245,52.525253,2.7195027,29.654655,53.37838,16.966967,46.186741,39.700642,14.112616,66.017151,24.551832,9.4310207,83.346939,13.306123,3.3469388,91.409691,7.1585903,1.4317181,0,193730,163050,30680,0,32610,95130,79590,15540,65140,14450,98600,83460,15140,65300,18160,0,12960,14520,14010,12690,10960,12870,13320,14030,12830,12250,25830,27840,28040,25520,23210,66630,70590,137220,0,0,0
Greece,300,2001,EL621,Zakynthos,1,EL621,1650,7850,21580,840,3840,11090,810,4010,10490,1280,1130,1730,1410,1530,3410,1690,1470,1850,1530,1460,3090,2970,2600,3580,2940,2990,6500,970,1370,820,520,190,140,860,1090,960,600,230,100,1830,2460,1780,1120,420,240,70,260,250,160,40,30,10,260,150,270,80,70,80,520,400,430,120,100,9400,9210,830,2980,740,3040,18610,6020,1570,0,0,0,0,0,0,0,0,0,5.3088803,25.257401,69.433716,5.3265696,24.350031,70.323402,5.2906599,26.192032,68.517311,60.860657,37.5,1.6393442,46.594982,44.086021,9.3189964,62.152779,30.902779,6.9444447,65.478844,24.944321,9.5768375,84.702553,11.898017,3.3994334,95.029243,3.5087719,1.4619883,66.015625,33.59375,.390625,52.127659,38.652481,9.2198582,62.5,32.432434,5.0675673,63.75,25,11.25,82.485878,12.99435,4.519774,94.785278,3.0674846,2.1472392,55.172413,41.810345,3.0172415,40.942028,49.63768,9.42029,61.785713,29.285715,8.9285717,67.464111,24.880383,7.6555023,86.931816,10.795455,2.2727273,95.251396,3.9106145,.83798885,0,37670,31080,6590,0,6840,19140,15770,3370,12510,3260,18530,15310,3220,11730,3580,0,2560,2820,2960,2400,1770,2320,2760,2800,2090,1760,4880,5580,5760,4490,3530,13210,12990,26200,0,0,0
Greece,300,2001,EL622,Corfu,1,EL622,6410,25960,59220,3720,13240,27560,2690,12720,31660,3330,2560,4480,5360,4900,11030,3900,3020,3940,4680,4140,7880,7230,5580,8420,10040,9040,18910,3240,3970,2530,1540,820,620,2720,3900,2770,1990,880,980,5960,7870,5300,3530,1700,1600,150,1020,790,400,240,90,150,690,950,990,640,300,300,1710,1740,1390,880,390,23660,28330,3570,10520,2540,9480,51990,20000,6110,0,0,0,0,0,0,0,0,0,6.9985805,28.343706,64.657715,8.3557949,29.739443,61.904762,5.7148929,27.023582,67.261528,53.595257,44.180874,2.2238696,36.807388,51.91293,11.279683,54.463131,34.282017,11.254851,67.112297,23.596256,9.2914438,77.796906,14.629949,7.5731497,90.47847,7.6555023,1.8660287,57.60709,40.177254,2.2156572,39.684624,51.248356,9.0670176,51.436031,36.16188,12.402089,61.096607,25.979113,12.924282,73.144875,15.547703,11.307421,86.026199,10.69869,3.2751091,49.55357,48.214287,2.2321429,33.907284,52.582783,13.509933,57.435898,32.435898,10.128205,73.42466,21.09589,5.4794521,82.214767,13.758389,4.0268455,93.952301,5.2810903,.76660991,0,106920,91590,15330,0,20900,52120,44520,7600,35360,9160,54800,47070,7730,35330,11740,0,6770,7610,7660,7660,5660,6720,7550,7800,7300,5960,13490,15160,15460,14960,11620,37750,40350,78100,0,0,0
Greece,300,2001,EL623,"Ithaca, Cephalonia",1,EL623,2200,10980,18640,1130,5810,9490,1070,5170,9150,900,620,980,1190,1740,3720,1350,1050,980,1200,1250,3660,2250,1670,1960,2390,2990,7380,1020,1500,1180,750,460,260,1010,1520,1370,820,520,570,2030,3020,2550,1570,980,830,70,410,280,170,60,80,40,360,270,240,90,130,110,770,550,410,150,210,8140,8250,1090,4800,1000,4150,16390,8950,2090,0,0,0,0,0,0,0,0,0,6.9138908,34.506599,58.57951,6.8776627,35.362141,57.760193,6.9525666,33.593243,59.454189,51.252846,46.241459,2.5056949,30.586081,55.311356,14.102564,38.735176,50.395256,10.869565,54.691074,35.926773,9.3821507,72.572815,23.786407,3.6407766,87.648453,9.857482,2.4940617,56.25,42.083332,1.6666666,35.836178,51.877132,12.28669,37.404579,52.290077,10.305344,53.097343,36.283184,10.619469,67.2043,27.956989,4.8387098,83.944954,13.073395,2.9816513,45.226131,51.256283,3.5175879,24.505928,59.288536,16.205534,40.163933,48.360657,11.47541,56.398106,35.545025,8.0568724,76.99115,20.353983,2.6548672,91.625618,6.4039407,1.9704434,0,37230,31820,5410,0,8420,19160,16430,2730,12070,4360,18070,15390,2680,11330,4060,0,2400,2930,2620,2260,1860,1990,2530,2440,2110,2260,4390,5460,5060,4370,4120,14030,13400,27430,0,0,0
Greece,300,2001,EL624,Lefkada,1,EL624,1500,5070,11620,810,2780,5640,690,2290,5980,460,260,590,760,1020,2890,610,480,590,820,780,2360,1070,740,1180,1580,1800,5250,510,590,640,380,130,40,510,810,670,460,210,120,1020,1400,1310,840,340,160,20,280,180,130,50,30,20,170,230,180,120,90,40,450,410,310,170,120,5030,5520,790,2270,670,1780,10550,4050,1460,0,0,0,0,0,0,0,0,0,8.2462893,27.872458,63.881252,8.7757311,30.119177,61.105091,7.7008929,25.558035,66.741074,50.234741,47.887325,1.8779342,28.571428,54.054054,17.374517,40.689655,45.172413,14.137931,57.875458,30.76923,11.355311,77.922081,14.718615,7.3593073,94.936707,2.8933091,2.169982,53.508774,44.736843,1.7543859,32.876713,55.47945,11.643836,39.597317,44.966442,15.436241,56.164383,31.506849,12.328767,70.270271,18.918919,10.810811,91.828796,4.6692605,3.5019455,46.464645,51.515152,2.0202019,23.00885,52.212391,24.778761,41.843971,45.390072,12.765958,59.842518,29.921259,10.23622,85,10.833333,4.1666665,97.635132,1.3513514,1.0135136,0,21350,18190,3160,0,5530,10760,9230,1530,6660,2570,10590,8960,1630,6000,2960,0,1140,1460,1490,1460,1110,990,1130,1410,1270,1200,2130,2590,2900,2730,2310,8090,7970,16060,0,0,0
Greece,300,2001,EL631,Aetolia-Acarnania,1,EL631,9620,44260,122870,5240,23790,59850,4380,20470,63020,7040,5720,7830,9600,11040,21790,9400,7420,8400,9500,9320,15810,16440,13140,16230,19100,20360,37600,6650,6300,4100,1970,810,640,6160,6590,5080,2980,1560,1420,12810,12890,9180,4950,2370,2060,250,1650,1380,840,140,120,200,1210,1560,1380,460,430,450,2860,2940,2220,600,550,50450,55980,5040,17630,4130,13820,106430,31450,9170,0,0,0,0,0,0,0,0,0,5.4427156,25.041018,69.516266,5.8955894,26.766426,67.337982,4.9846363,23.295778,71.719589,55.353535,43.131313,1.5151515,45.482864,44.617516,9.8996191,57.248676,32.380951,10.37037,72.706512,18.842787,8.4507046,87.269608,10.158594,2.5717959,93.509079,5.1231036,1.367819,59.644669,39.086296,1.2690356,48.751644,43.29829,7.9500656,55.851063,33.776596,10.37234,68.542572,21.500721,9.9567099,82.186951,13.756614,4.0564375,89.524345,8.0407705,2.434881,50.502151,47.704449,1.7934003,41.843452,46.086319,12.070227,58.82795,30.803907,10.368144,77.356972,15.874295,6.7687349,92.076729,6.7556295,1.1676397,96.629715,2.8381374,.5321508,0,214490,176750,37740,0,40210,108350,88880,19470,71220,17660,106140,87870,18270,65320,22550,0,15760,15220,15040,13860,11340,13940,13670,13310,12410,11990,29700,28890,28350,26270,23330,73120,73930,147050,0,0,0
Greece,300,2001,EL632,Achaea,2,EL632,21100,93320,136150,11600,47480,65040,9500,45840,71110,8760,6270,9170,11570,12110,23230,11300,7080,8740,10110,9580,18230,20060,13350,17910,21680,21690,41460,13630,12600,9010,5700,2760,2140,13210,12590,8410,6120,3590,3560,26840,25190,17420,11820,6350,5700,730,3590,2560,1710,420,490,550,3170,2700,2800,1320,1060,1280,6760,5260,4510,1740,1550,53740,62350,11050,34270,8770,32210,116090,66480,19820,0,0,0,0,0,0,0,0,0,8.4208002,37.243084,54.336113,9.3457947,38.253304,52.400902,7.5128508,36.251484,56.235664,41.635532,55.707764,2.6567039,29.4702,55.607063,14.922737,44.124168,42.916973,12.958857,57.037621,31.09708,11.865298,72.834114,21.323036,5.8428473,85.11599,11.701909,3.1820982,45.091782,52.71349,2.1947327,30.998249,55.122593,13.879159,44.030228,42.36776,13.602015,53.12664,32.159748,14.71361,66.114563,24.775707,9.1097307,79.781181,15.579868,4.6389499,37.889275,58.953289,3.1574395,27.916296,56.099731,15.983972,44.214081,43.442623,12.343298,60.958904,30.031612,9.0094833,79.202095,18.051014,2.7468934,89.829849,8.2753286,1.8948183,0,298340,250570,47770,0,48710,149130,124120,25010,101270,22850,149210,126450,22760,100590,25860,0,25060,22840,19850,19030,14490,23120,22460,20740,18980,15290,48180,45300,40590,38010,29780,99060,103330,202390,0,0,0
Greece,300,2001,EL633,Elis,1,EL633,6900,40370,106300,3740,21490,53360,3160,18880,52940,5390,5540,7550,8490,8670,17300,7770,7160,8330,8660,7480,13960,13160,12700,15880,17150,16150,31260,5350,6050,3630,1940,1180,730,5130,5940,4630,2630,1750,1410,10480,11990,8260,4570,2930,2140,250,1270,990,480,130,40,200,890,1040,920,400,290,450,2160,2030,1400,530,330,45590,47550,3540,16360,2910,13530,93140,29890,6450,0,0,0,0,0,0,0,0,0,4.4930649,26.287687,69.219246,4.7588754,27.344446,67.896683,4.214457,25.180048,70.605492,54.628475,43.503529,1.867995,47.299812,44.655495,8.044693,60.680168,31.562859,7.7569737,74.1782,19.766436,6.0553632,82.355942,14.941357,2.7027028,92.677139,6.3445005,.97835755,59.312977,39.160305,1.5267175,51.179413,42.4589,6.3616867,59.5,33.07143,7.4285712,70.925468,21.539722,7.5348077,77.673935,18.172379,4.1536865,89.144318,9.0038319,1.8518518,49.044586,48.680618,2.2747953,43.079315,47.045101,9.8755836,62.037796,29.827444,8.134758,77.818512,17.781851,4.3996334,86.873749,11.823647,1.3026052,95.738792,4.039845,.22136137,0,182770,153570,29200,0,33730,94060,78590,15470,62930,15660,88710,74980,13730,56910,18070,0,13100,13990,14000,12210,9630,10990,12860,12170,10910,9980,24090,26850,26170,23120,19610,65490,63990,129480,0,0,0
Greece,300,2001,EL641,Boeotia,1,EL641,5490,30850,65200,2970,17260,32330,2520,13590,32870,3080,2940,4460,5330,6260,10800,5050,4320,3890,4790,4960,9320,8130,7260,8350,10120,11220,20120,3790,4350,2950,1650,580,270,3870,5520,3460,2360,1220,830,7660,9870,6410,4010,1800,1100,110,950,880,440,80,60,130,760,860,700,310,210,240,1710,1740,1140,390,270,27280,29790,2840,13390,2410,9800,57070,23190,5250,0,0,0,0,0,0,0,0,0,5.4067364,30.382116,64.211151,5.6506848,32.838661,61.510654,5.1449571,27.746019,67.109024,50.717403,47.785404,1.4971927,38.53503,52.388535,9.0764332,50.60606,38.848484,10.545455,66.273743,26.260641,7.4656191,83.668907,13.422819,2.9082775,93.624939,5.11866,1.2563983,55.801105,42.762432,1.4364641,40.754719,52.07547,7.1698112,47.381241,42.143726,10.475031,61.019108,30.063694,8.9171972,76.42527,18.798151,4.7765794,89.961388,8.0115833,2.0270271,44.126076,54.297993,1.5759312,35.679611,52.791264,11.529126,53.799759,35.585041,10.615199,71.832886,22.237196,5.9299192,90.462425,8.3815031,1.1560694,97.035042,2.4258759,.53908354,0,119720,101540,18180,0,21490,61900,52560,9340,42200,10360,57820,48980,8840,37850,11130,0,9050,10600,8210,7850,6490,6980,8240,8290,7420,6920,16030,18840,16500,15270,13410,43510,42000,85510,0,0,0
Greece,300,2001,EL642,Euboea,1,EL642,11380,54300,108370,6280,29210,51520,5100,25090,56850,5890,4820,7080,9060,10860,19140,7280,6000,6570,7650,8390,15630,13170,10820,13650,16710,19250,34770,6330,7740,5740,2980,1620,680,6100,7770,6410,4360,2570,2000,12430,15510,12150,7340,4190,2680,390,1880,1440,810,420,160,180,1430,1620,1510,850,690,570,3310,3060,2320,1270,850,44240,50960,6100,23110,4710,18760,95200,41870,10810,0,0,0,0,0,0,0,0,0,6.5383511,31.197931,62.263718,7.2175612,33.570854,59.211586,5.859375,28.825827,65.314796,50.324799,47.497135,2.1780665,36.504723,52.327934,11.167341,47.297298,42.099792,10.602911,63.367462,27.834661,8.7978764,77.903687,16.956697,5.1396194,90.783287,6.9973888,2.2193213,53.687317,44.985252,1.3274336,39.473682,51.11842,9.4078951,45,43.90411,11.09589,56.58284,32.24852,11.168639,71.041489,21.761219,7.1972904,85.316597,10.91703,3.7663755,46.708961,50.198254,3.0927835,33.379501,53.601109,13.01939,49.649368,40.252453,10.098177,70.505836,23.190662,6.3035021,84.186043,12.55814,3.2558138,95.795799,3.4034035,.8008008,0,205690,174050,31640,0,38300,103340,87010,16330,68690,18320,102350,87040,15310,67060,19980,0,13560,15200,14600,13520,11810,12610,14440,14260,12850,12900,26170,29640,28860,26370,24710,73450,74430,147880,0,0,0
Greece,300,2001,EL643,Evrytania,1,EL643,1260,5130,14770,690,2910,7080,570,2220,7690,670,560,770,1030,1710,2950,610,780,920,900,1310,2560,1280,1340,1690,1930,3020,5510,770,580,410,260,140,60,580,760,790,470,160,150,1350,1340,1200,730,300,210,50,210,160,130,20,0,10,90,220,160,120,90,60,300,380,290,140,90,6470,7020,680,2330,520,1450,13490,3780,1200,0,0,0,0,0,0,0,0,0,5.9546313,24.243856,69.801514,6.4606743,27.24719,66.292137,5.4389315,21.183207,73.377861,47.583645,50.185875,2.2304833,44.966442,44.966442,10.067114,51.681957,36.697247,11.620795,65.423729,24.745762,9.8305082,87.283234,8.6705198,4.0462427,94.836487,3.6144578,1.5490533,50.833332,48.333332,.83333331,47.85276,46.625767,5.5214725,47.668392,40.932644,11.398964,58.823528,30.718954,10.457517,82.389938,10.062893,7.5471697,91.428574,5.3571429,3.2142856,44.966442,51.677853,3.3557048,41.48148,42.962963,15.555555,57.462688,30.597015,11.940298,72.53521,18.309858,9.1549292,91.443848,7.4866309,1.0695187,98.006645,1.9933555,0,0,24410,21160,3250,0,5810,12450,10680,1770,7880,2800,11960,10480,1480,7470,3010,0,1200,1630,1930,1530,1590,1490,1350,1340,1420,1870,2690,2980,3270,2950,3460,9480,8990,18470,0,0,0
Greece,300,2001,EL644,Phthiotis,1,EL644,10190,44900,88830,5890,24250,43120,4300,20650,45710,3850,3280,4860,6790,9660,17270,6190,4770,5270,5410,7490,13990,10040,8050,10130,12200,17150,31260,5500,5960,4940,2480,1130,640,5390,6360,5520,3480,2050,1450,10890,12320,10460,5960,3180,2090,270,1720,1060,750,360,140,170,1610,1360,1280,800,670,440,3330,2420,2030,1160,810,36930,41860,5720,18860,4030,15150,78790,34010,9750,0,0,0,0,0,0,0,0,0,7.0803223,31.197887,61.72179,8.0398579,33.101284,58.85886,6.0854797,29.224455,64.690063,46.98175,50.95929,2.0589612,33.966244,51.983124,14.050632,44.024338,45.458496,10.517166,60.425953,29.519564,10.054482,79.804558,14.797581,5.3978596,91.510536,6.1182671,2.3711944,52.680851,45.872341,1.4468085,37.441132,49.921509,12.637362,43.374485,45.432098,11.193416,53.195675,34.218288,12.586038,72.437134,19.825918,7.7369437,86.840469,9.0006208,4.1589074,40.02079,57.172558,2.8066528,29.927008,54.379562,15.693431,44.751381,45.488029,9.7605896,67.764473,24.7505,7.4850302,86.636772,10.134529,3.2286994,95.678673,3.5457063,.77562326,0,168270,143920,24350,0,34160,86050,73260,12790,57150,16110,82220,70660,11560,52610,18050,0,11750,12740,12150,10170,10340,9620,10960,10860,10020,11150,21370,23700,23010,20190,21490,61510,61040,122550,0,0,0
Greece,300,2001,EL645,Phocis,1,EL645,3030,12200,21670,1850,6700,10010,1180,5500,11660,820,540,980,1440,2450,5430,1020,870,1010,1310,1590,4210,1840,1410,1990,2750,4040,9640,1200,1360,1420,800,450,270,1150,1660,1390,1040,730,730,2350,3020,2810,1840,1180,1000,50,430,300,280,120,0,30,310,490,370,340,310,80,740,790,650,460,310,8990,10840,1820,5550,1130,4300,19830,9850,2950,0,0,0,0,0,0,0,0,0,8.2113819,33.062332,58.726288,9.9676723,36.099136,53.933189,6.4340239,29.989096,63.576881,43.091335,55.03513,1.8735363,27.272728,58.413925,14.313346,35.599285,50.268337,14.13238,52.480915,35.114502,12.40458,71.126762,20.774649,8.0985918,88.03653,9.1324205,2.8310502,46.363636,52.272728,1.3636364,30.633802,58.450703,10.915493,34.948097,48.096886,16.955017,48.161766,38.235294,13.602942,59.774437,27.443609,12.781955,80.190475,13.904762,5.9047618,39.613525,57.971016,2.4154589,23.175966,58.369099,18.454935,36.296295,52.592594,11.111111,57.142857,31.746031,11.111111,81.125832,14.900662,3.97351,95.263161,4.7368422,0,0,42760,36900,5860,0,10950,21580,18560,3020,13310,5250,21180,18340,2840,12640,5700,0,2200,2840,2890,2720,2660,2070,2330,2700,2520,3020,4270,5170,5590,5240,5680,16360,16270,32630,0,0,0
Greece,300,2001,EL651,"Argolis, Arcadia",1,EL651,11090,47160,105570,6090,25060,52040,5000,22100,53530,5210,4130,6470,7810,9980,19930,6460,5070,6710,7290,8230,18280,11670,9200,13180,15100,18210,38210,5650,6320,5310,2810,1090,920,5310,7260,5740,3320,1840,1590,10960,13580,11050,6130,2930,2510,420,1760,1350,910,320,240,220,1160,1630,1540,800,740,640,2920,2980,2450,1120,980,45580,48320,5870,19750,4580,16450,93900,36200,10450,0,0,0,0,0,0,0,0,0,6.7696252,28.787693,64.44268,7.3205914,30.123814,62.555595,6.2011657,27.409153,66.389679,50.15041,47.09927,2.7503223,35.797665,52.840466,11.361868,48.438076,40.610069,10.951856,63.766891,25.886824,10.346284,81.805931,13.162623,5.0314465,91.630699,6.0191846,2.3501198,53.878231,44.286907,1.8348624,37.583397,53.817642,8.5989618,47.65625,40.767044,11.576705,60,27.325104,12.674897,75.712975,16.927322,7.3597054,88.694809,7.7147017,3.5904901,46.187943,50.088654,3.7234042,33.824734,51.760853,14.414414,49.276466,40.441738,10.281797,67.736343,24.371206,7.8924546,87.62072,9.5697985,2.8094821,94.499763,4.362257,1.1379801,0,192550,163820,28730,0,41700,98190,83190,15000,62580,20610,94360,80630,13730,59540,21090,0,11990,13490,14080,12150,10870,11280,12210,13130,11530,11390,23270,25700,27210,23680,22260,71200,69350,140550,0,0,0
Greece,300,2001,EL652,Korinthia,1,EL652,8400,40020,74120,4720,21130,35800,3680,18890,38320,4300,3080,4730,6700,6600,12910,5620,4460,4900,5370,5720,9730,9920,7540,9630,12070,12320,22640,4300,5580,4050,2730,1350,880,3700,5660,4270,3190,2230,2080,8000,11240,8320,5920,3580,2960,160,1300,970,810,280,160,100,880,1360,1190,630,560,260,2180,2330,2000,910,720,30180,34020,4620,17430,3520,14590,64200,32020,8140,0,0,0,0,0,0,0,0,0,6.8549047,32.658722,60.48637,7.6561232,34.274128,58.069748,6.0436854,31.023157,62.933159,54.565456,44.004402,1.430143,35.973282,53.625954,10.400764,47.485207,41.025642,11.489152,60.380192,29.614807,10.005003,73.289711,21.296846,5.4134445,86.018234,11.246201,2.7355623,59.660297,39.278133,1.0615711,40.545456,51.454544,8,46.533714,40.550808,12.91548,55.076923,32.717949,12.205129,66.666664,25.990677,7.3426576,78.658043,16.814875,4.5270815,49.086758,49.086758,1.826484,30.923695,56.024097,13.052209,48.512821,41.53846,9.9487181,65.429688,26.660156,7.9101563,80.194412,16.403402,3.4021871,92.5448,6.3082438,1.1469535,0,143910,122540,21370,0,26320,72340,61650,10690,49280,12370,71570,60890,10680,46940,13950,0,9420,11000,10530,9750,8580,8760,9960,9750,10240,8230,18180,20960,20280,19990,16810,52230,52130,104360,0,0,0
Greece,300,2001,EL653,"Laconia, Messenia",1,EL653,13310,62400,140450,7280,32970,69390,6030,29430,71060,6480,5660,7890,9580,12260,29190,8920,7840,8620,9440,11290,23280,15400,13500,16510,19020,23550,52470,7150,8400,6650,3710,2230,1290,6310,8760,7150,4340,2960,3450,13460,17160,13800,8050,5190,4740,290,2030,1680,1160,560,310,170,1500,1870,1780,1040,920,460,3530,3550,2940,1600,1230,60470,64580,7110,26660,5740,22280,125050,48940,12850,0,0,0,0,0,0,0,0,0,6.1574759,28.867506,64.975021,6.6399126,30.071142,63.288944,5.6609087,27.628614,66.71048,52.523876,45.90723,1.568895,39.485229,50.190113,10.324656,48.759598,40.756054,10.484347,63.378872,26.824392,9.7967348,77.6203,17.106131,5.2735662,89.784393,8.1108828,2.1047227,57.922077,40.974026,1.1038961,43.314919,48.397789,8.2872925,48.866215,40.532879,10.600907,60.668381,27.892031,11.439589,73.839111,19.359058,6.8018312,84.195297,12.477396,3.3273056,46.551723,51.364941,2.0833333,35.177128,52.206341,12.616532,48.64365,40.998768,10.357583,66.297577,25.67474,8.0276814,81.461792,14.817276,3.7209303,94.803505,4.189672,1.0068204,0,252990,216160,36830,0,58440,128920,109640,19280,81990,27650,124070,106520,17550,75730,30790,0,15400,18100,17640,15560,15290,13920,16090,16220,14450,15050,29320,34190,33860,30010,30340,94240,92600,186840,0,0,0
